fromAccount,toAccount,amount
undefined,undefined,200
undefined,undefined,352
undefined,undefined,778
undefined,undefined,9022
undefined,undefined,10000
undefined,undefined,200
undefined,undefined,352
undefined,undefined,778
undefined,undefined,9022
undefined,undefined,10000
undefined,undefined,200
undefined,undefined,352
undefined,undefined,778
undefined,undefined,9022
undefined,undefined,10000
undefined,undefined,200
undefined,undefined,352
undefined,undefined,778
undefined,undefined,9022
undefined,undefined,10000
undefined,undefined,200
undefined,undefined,352
undefined,undefined,778
undefined,undefined,9022
undefined,undefined,10000
undefined,undefined,200
undefined,undefined,352
undefined,undefined,778
undefined,undefined,9022
undefined,undefined,10000
undefined,undefined,200
undefined,undefined,352
undefined,undefined,778
undefined,undefined,9022
undefined,undefined,10000
undefined,undefined,200
undefined,undefined,352
undefined,undefined,778
undefined,undefined,9022
undefined,undefined,10000
undefined,undefined,200
undefined,undefined,352
undefined,undefined,778
undefined,undefined,9022
undefined,undefined,10000
